id,ipaddress,condition,code,carbonfootpilot2
371,::1,0,99247625,15.37
372,206.12.167.74,1,48164545,32.17
373,128.189.229.130,2,03323186,33.01
374,128.189.229.130,3,22973550,6.48
375,128.189.229.130,4,14834382,47.09
376,128.189.229.130,2,17048850,24.2
377,128.189.229.130,0,47869557,3
378,128.189.229.130,1,18986448,44.75
379,128.189.229.130,3,84744196,34.03
380,128.189.229.130,4,92059427,106.89
381,128.189.229.130,0,14694456,88.72
382,128.189.229.130,1,36480802,9.52
383,128.189.229.130,2,20577818,103.45
384,128.189.229.130,3,53878075,163.94
385,206.12.160.133,4,92222239,235.99
386,206.12.160.133,0,76819485,59.33
387,206.12.160.133,1,70538196,3.34
388,206.12.160.133,2,54269331,74.71
389,128.189.229.130,3,83961750,112.52
390,128.189.229.130,4,85401674,329.95
391,128.189.229.130,3,03370076,329.95
392,128.189.229.130,0,38773491,65.13
393,128.189.229.130,1,71880109,329.61
394,128.189.229.130,2,93031764,36.67
395,128.189.229.130,4,04118102,8.56
396,128.189.227.106,1,36153093,21.61
397,128.189.227.106,0,89813300,14.47
398,128.189.227.106,2,85149023,34.34
399,128.189.227.106,3,40772376,3.04
400,128.189.227.106,4,43293983,329.71
401,128.189.227.106,0,16462186,29.17
402,128.189.227.106,1,90258055,5.21
403,128.189.227.106,2,36468412,3.76
404,128.189.227.106,3,07138827,21.02
405,128.189.227.106,4,20102176,21.88
406,128.189.227.106,3,32940640,8.1
407,128.189.227.106,0,44801423,95.14
408,128.189.227.106,1,79130474,38.82
409,128.189.227.106,2,34079746,5.52
410,128.189.227.106,4,53069555,7.84
411,128.189.227.106,4,87089384,19.74
412,206.12.163.127,0,35969035,36.45
413,128.189.104.181,1,07902077,39.06
414,208.185.97.170,4,92021909,197.26
415,50.18.16.202,0,53122155,30.76
416,74.193.219.151,1,95540479,63.82
417,104.139.104.189,2,97149164,37.01
418,198.21.131.147,3,97521503,37.95
419,45.42.190.55,3,74633140,71.57
420,68.188.223.219,0,01274748,38.81
421,65.144.25.18,1,10283747,58.97
422,76.91.125.247,2,61652714,106.08
423,71.227.9.109,4,66753059,81.37
424,72.131.76.123,2,86250848,37.27
425,24.1.64.138,0,88944124,88.1
426,50.32.96.245,1,77255036,48.9
427,69.141.212.60,3,65416004,21.5
428,70.121.140.52,4,50131632,81.93
429,45.31.129.22,2,94729180,58.6
430,72.36.35.168,0,64064909,28.63
431,69.14.252.82,1,74657134,37.28
432,73.165.200.109,3,66025236,30.1
433,63.75.244.26,4,78933783,110.66
434,75.177.130.119,4,42553399,38.2
435,67.249.189.129,0,28802525,98.57
436,73.83.239.131,1,49467855,19.83
437,168.158.204.26,2,93532166,20.01
438,63.149.60.164,3,48072085,15.54
439,47.184.195.251,0,75008517,90.69
440,100.10.86.249,1,26696062,19.86
441,45.90.222.51,2,62422746,11.19
442,104.3.81.168,3,22094162,322.56

443,63.75.242.133,4,72841799,12.58
444,107.242.117.60,1,72729281,63.7
445,35.138.238.49,0,50005178,60.85
446,73.137.67.180,2,49706399,109.31
447,172.223.85.238,3,35705833,21.36
448,3.83.173.69,4,97233221,117.92
449,23.241.87.23,3,68565478,61.2
450,192.24.191.50,0,98779699,107.01
451,68.163.104.75,1,84794432,9.81
452,184.90.34.119,2,93460521,90.69
453,104.33.180.151,4,62919070,30.41
454,24.211.141.175,1,52614001,28.35
455,163.123.221.161,0,01689437,11.21
456,66.38.25.44,2,90558677,22.37
457,107.181.168.40,3,69363680,37.34
458,172.77.63.72,4,31325256,25.43
459,73.199.10.232,0,86865095,78.59
460,76.190.242.176,1,45463018,11.16
461,154.22.56.124,2,62788850,11.18
462,147.124.213.59,3,17728615,219.16
463,98.197.134.154,4,14412387,6.6
464,68.238.188.137,4,98689312,27.27
465,64.191.51.185,0,84124511,15.37
466,172.87.224.23,1,21546121,32.17
467,3.86.24.198,2,47479304,33.01
468,168.158.202.90,3,32469143,6.48
469,24.186.233.255,3,40792478,47.09
470,71.214.206.53,0,77720675,24.2
471,163.123.221.151,1,87588607,3
472,68.191.211.221,2,08049940,44.75
473,45.41.224.30,4,42442194,34.03
474,75.183.142.55,2,81493161,106.89
475,216.250.251.194,0,65462070,88.72
476,75.141.194.130,1,07060907,9.52
477,66.38.103.191,3,61293609,103.45
478,163.123.222.182,4,98072757,163.94
479,76.174.72.88,0,60792819,235.99
480,108.167.36.87,1,17841107,59.33
481,66.187.8.61,2,49781704,3.34
482,73.181.51.21,3,11084257,74.71
483,68.188.188.152,4,04882733,112.52
484,63.75.243.94,3,54797984,329.95
485,69.10.38.67,0,58937971,329.95
486,67.85.212.55,1,35890893,65.13
487,72.176.146.242,2,46922770,329.61
488,73.198.53.155,4,57310230,36.67
489,207.229.175.113,1,52714787,8.56
490,63.75.245.196,0,52532499,21.61
491,71.59.101.142,2,21899842,14.47
492,54.237.162.103,3,90745235,34.34
493,73.242.69.177,4,67212968,3.04
494,76.89.231.26,3,20236629,329.71
495,24.28.0.85,0,65346794,29.17
496,32.211.205.219,1,75795968,5.21
497,142.129.69.4,2,58094717,3.76
498,154.13.59.83,4,69972894,21.02
499,71.75.26.90,4,03237418,21.88
500,98.155.1.135,0,59489678,8.1
501,68.58.159.140,1,29443909,95.14
502,3.215.180.77,2,31018207,38.82
503,75.108.113.226,3,93480071,5.52
504,74.83.44.145,0,31525068,7.84
505,47.25.16.186,1,91417425,19.74
506,68.12.93.97,2,47050180,36.45
507,67.77.218.157,3,86003411,39.06
508,216.250.248.227,4,59263258,197.26
509,104.37.174.58,1,40496717,30.76
510,24.193.110.55,0,33666005,63.82
511,198.210.84.138,2,90044001,37.01
512,68.134.73.205,3,27026762,37.95
513,208.195.16.9,4,72636742,71.57
514,70.130.108.65,4,03354282,38.81
515,52.128.197.45,0,39318854,58.97
516,163.123.223.217,1,77890424,106.08
517,45.42.190.57,2,09263258,81.37
518,154.13.49.168,3,16175579,37.27
519,208.195.19.48,2,19412789,88.1
520,52.128.198.189,0,70673345,48.9
521,73.1.101.97,1,58053314,21.5
522,99.182.203.5,3,91286482,81.93
523,216.250.248.245,4,65975095,58.6
524,3.86.52.24,2,74829584,28.63
525,38.94.240.129,0,71831937,37.28
526,24.62.15.92,1,17920313,30.1
527,45.42.190.7,3,07192416,110.66
528,68.107.182.99,4,29442896,38.2
529,24.13.235.131,0,89796444,98.57
530,216.250.250.89,1,46456994,19.83
531,107.145.220.128,2,85012428,20.01
532,74.111.97.197,3,24258120,15.54
533,204.77.137.85,4,16404835,90.69
534,73.118.223.23,0,21654622,19.86
535,71.105.173.204,1,24517459,11.19
536,47.233.125.8,2,73832496,322.56
537,173.24.2.211,3,62700342,12.58
538,75.163.30.54,4,36513508,63.7
539,73.80.58.232,1,95212258,60.85
540,154.13.59.99,0,07467872,109.31
541,47.18.153.70,2,36513181,21.36
542,54.212.194.131,3,31058402,117.92
543,47.18.145.129,4,22306705,61.2
,66.249.83.84,1,30318638,
544,66.249.83.222,3,67655497,107.01
545,74.196.29.209,0,02960771,9.81
546,136.56.14.2,2,51180963,90.69
547,172.117.195.58,4,52668504,30.41
548,24.92.141.83,1,74924543,28.35
549,68.112.112.176,0,50883822,11.21
550,34.205.8.109,2,11479744,22.37
551,154.13.49.47,3,45455433,37.34
552,47.183.190.45,4,82555727,25.43
553,104.35.118.252,1,93701372,78.59
554,154.13.49.30,0,37544362,11.16
555,66.41.96.184,2,14782818,11.18
556,71.174.80.249,3,62706366,219.16
557,108.62.52.139,4,33552159,6.6
558,200.229.31.184,3,18831618,27.27
559,67.188.221.125,0,71506362,15.37
560,74.193.209.67,1,56207955,32.17
561,208.195.20.12,2,92679550,33.01
562,96.32.194.224,4,11306056,6.48
563,68.105.217.239,0,39782862,47.09
564,216.250.248.230,1,33129135,24.2
565,76.113.99.192,2,32575032,3
566,198.14.26.81,3,52578081,44.75
567,168.158.206.73,4,93102975,34.03
568,96.35.223.218,1,11360673,106.89
569,73.151.180.196,0,63400386,88.72
570,62.151.183.91,2,55242540,9.52
571,73.17.73.10,3,56233158,103.45
572,98.223.105.54,4,43948880,163.94
573,47.219.179.118,4,84863363,235.99
574,198.14.26.102,0,88510333,59.33
575,108.4.69.49,1,37046969,3.34
576,71.95.187.28,2,99154175,74.71
577,47.34.255.166,3,27807840,112.52
578,71.179.98.141,4,17244061,329.95
579,208.195.26.124,0,85482973,329.95
580,108.65.245.193,1,21455368,65.13
581,71.153.14.23,2,42767200,329.61
582,205.155.236.210,3,83340416,36.67
583,208.195.21.230,4,23442385,8.56
584,45.41.227.58,0,04184229,21.61
585,207.96.112.79,1,29581388,14.47
586,208.195.31.232,2,24142557,34.34
587,76.23.215.39,3,01119032,3.04
588,208.79.244.79,2,31571985,329.71
589,174.99.117.195,0,34297589,29.17
590,200.229.24.223,1,53852433,5.21
591,196.17.65.40,3,96344346,3.76
592,184.152.78.166,4,79333312,21.02
593,35.46.106.245,0,36924942,21.88
594,155.138.201.242,1,43751135,8.1
595,76.190.249.84,2,86972522,95.14
596,140.177.248.30,3,05027631,38.82
597,96.32.39.244,4,57841259,5.52
598,76.64.244.24,1,75680869,7.84
599,199.79.169.209,0,22389240,19.74
600,208.203.212.128,2,77491521,36.45
601,98.115.28.167,3,18949481,39.06
602,71.199.224.83,4,62450074,197.26
603,67.183.224.48,4,28042485,30.76
604,69.77.244.63,0,70692235,63.82
605,63.75.244.212,1,75125273,37.01
606,140.186.218.74,2,58121329,37.95
607,72.238.103.53,3,96949104,71.57
608,102.129.198.88,0,92037929,38.81
609,70.120.233.19,1,05933329,58.97
610,73.130.127.149,2,68746538,106.08
611,63.75.243.144,3,73388667,81.37
612,73.221.45.116,4,43978873,37.27
613,68.46.148.241,1,43293606,88.1
614,97.96.254.60,0,36417159,48.9
615,66.187.8.42,2,61101392,21.5
616,141.149.57.200,3,10397318,81.93
617,174.105.51.52,4,73781889,58.6
618,67.171.176.70,3,39917107,28.63
619,65.31.107.120,0,41514074,37.28
620,108.178.196.58,1,06023913,30.1
621,63.75.246.29,2,80701768,110.66
622,156.146.59.41,4,61079959,38.2
623,64.188.20.120,2,23213651,98.57
624,172.88.192.30,0,25875063,19.83
625,63.75.243.40,1,24004325,20.01
626,35.247.11.121,3,42469611,15.54
627,71.150.168.42,4,03576079,90.69
628,64.246.126.244,0,38864450,19.86
629,67.240.49.97,1,31321616,11.19
630,63.75.243.78,2,54045219,322.56
631,163.123.221.172,3,74739051,12.58
632,68.43.95.173,4,53842396,63.7
633,73.139.94.209,2,83169842,60.85
634,73.242.250.128,0,64018528,109.31
635,208.195.21.114,1,51353561,21.36
636,75.41.166.226,3,08856720,117.92
637,196.17.67.95,4,24016673,61.2
638,69.122.133.57,3,92400194,107.01
639,67.186.194.25,0,98186266,9.81
640,73.152.121.202,1,37665231,90.69
641,71.166.54.97,2,08931124,30.41
642,24.236.228.93,4,57105332,28.35
643,71.143.77.175,0,94859813,11.21
644,104.35.101.10,1,19221559,22.37
645,63.75.241.81,2,22191269,37.34
646,174.56.29.45,3,04955471,25.43
647,18.222.27.162,4,27154769,78.59
648,63.75.244.138,3,57647154,11.16
649,98.7.23.190,0,11093744,11.18
650,67.247.68.1,1,39097445,219.16
651,104.251.223.204,2,58335739,6.6
652,98.182.226.201,4,24916435,27.27
653,208.195.25.23,4,43286437,15.37
654,63.75.244.77,0,03726269,32.17
655,71.61.18.143,1,65352016,33.01
656,174.0.233.80,2,15400124,6.48
657,216.250.251.132,3,86551595,47.09
658,71.203.129.21,4,82738319,24.2
659,208.195.26.163,0,67614811,3
660,102.165.42.53,1,07334878,44.75
661,67.86.188.84,2,43669007,34.03
662,73.247.81.157,3,42380187,106.89
663,70.114.217.186,4,75636644,88.72
664,192.200.23.197,0,19186048,9.52
665,147.124.212.88,1,59792259,103.45
666,199.19.248.129,2,25073001,163.94
667,76.182.59.1,3,57374432,235.99
668,104.192.205.50,1,32886215,59.33
669,63.75.240.95,0,94759822,3.34
670,142.197.144.93,2,03284261,74.71
671,24.56.247.88,3,27910427,112.52
672,24.229.199.28,4,57878299,329.95
673,63.75.245.236,3,04714911,329.95
674,63.75.245.113,0,42810918,65.13
675,107.161.81.171,1,38258308,329.61
676,12.160.225.99,2,61057343,36.67
677,73.92.110.128,4,93456663,8.56
678,174.26.154.179,1,04585578,21.61
679,108.28.248.128,0,51854294,14.47
680,45.42.190.39,2,54076634,34.34
681,23.120.2.62,3,52104673,3.04
682,154.13.57.165,4,82696094,329.71
683,66.235.39.45,4,07618409,29.17
684,98.35.100.127,0,03273019,5.21
685,71.115.235.96,1,53016788,3.76
686,72.21.196.66,2,95849817,21.02
687,75.53.177.68,3,52542294,21.88
688,98.195.162.158,4,21164351,8.1
689,142.147.97.141,0,82935122,95.14
690,208.195.25.195,1,88857848,38.82
691,73.217.222.88,2,05736363,5.52
692,207.228.62.31,3,86353695,7.84
693,71.60.153.40,4,72569350,19.74
694,45.144.113.189,0,76358564,36.45
695,154.13.49.96,1,04574762,39.06
696,104.251.223.197,2,56624671,197.26
697,75.142.97.12,3,81991157,30.76
698,193.148.57.42,2,07378663,63.82
699,154.22.56.161,0,94676995,37.01
700,198.14.26.73,1,08553465,37.95
701,200.229.27.74,3,10585335,71.57
702,200.229.24.36,4,68497742,38.81
703,163.123.222.146,1,86436084,58.97
704,208.195.17.133,0,56808783,106.08
705,98.248.190.58,2,12685111,81.37
706,67.245.42.26,3,63445208,37.27
707,52.54.82.120,4,25437101,88.1
708,3.238.156.241,1,91921677,48.9
709,163.123.222.48,0,02907435,21.5
710,154.13.48.204,2,01247024,81.93
711,172.56.27.190,3,24441128,58.6
712,65.175.174.56,4,58950754,28.63
713,73.251.136.225,2,28512061,37.28
714,216.121.185.64,0,80490453,30.1
715,45.41.227.60,1,24330801,110.66
716,73.31.152.121,3,97675440,38.2
717,35.142.58.189,4,91373331,98.57
718,73.4.23.69,0,26106809,19.83
719,163.123.222.20,1,38590842,20.01
720,173.184.140.220,2,28839159,15.54
721,168.149.144.21,3,16689807,90.69
722,98.195.36.188,4,94525526,19.86
723,172.112.16.195,4,36732593,11.19
724,172.58.231.246,0,42618106,322.56
725,173.27.182.179,1,74953191,12.58
726,66.187.8.38,2,05367103,63.7
727,75.70.22.105,3,22759834,60.85
728,67.207.93.171,1,07659036,109.31
729,63.75.245.171,0,76927203,21.36
730,66.42.75.174,2,25278385,117.92
731,68.0.194.211,3,00324098,61.2
732,72.94.35.251,4,39406964,107.01
733,69.143.249.165,4,11386863,9.81
734,67.167.165.5,0,17482278,90.69
735,167.88.106.212,1,10731799,30.41
736,71.232.202.48,2,09024897,28.35
737,34.229.190.54,3,80302860,11.21
738,163.123.222.177,0,12432743,22.37
739,67.162.105.78,1,98851748,37.34
740,198.14.25.162,2,72598142,25.43
741,45.36.241.32,3,25389223,78.59
742,73.43.49.216,4,52495699,11.16
743,208.195.19.194,1,83231738,11.18
744,154.13.57.108,0,44938749,219.16
745,65.35.94.234,2,27895951,6.6
746,47.17.50.112,3,36111956,27.27
747,70.106.242.28,4,44609128,15.37
748,98.121.26.75,4,62358795,32.17
749,208.195.23.220,0,26353515,33.01
750,23.118.182.219,1,50113270,6.48
751,75.136.159.132,2,88334914,47.09
752,147.124.213.70,3,99165771,24.2
753,45.42.190.8,3,47926339,3
754,71.229.54.237,0,35202400,44.75
755,174.55.154.104,1,20395606,34.03
756,208.203.212.247,2,09476303,106.89
757,3.231.146.132,4,37523745,88.72
758,63.75.246.1,1,02762621,9.52
759,69.14.233.210,0,27370242,103.45
760,96.224.223.100,2,48450048,163.94
761,70.124.23.86,3,64821269,235.99
762,23.241.156.77,4,40456172,59.33
763,200.229.27.69,0,37895819,3.34
764,104.173.49.192,1,03938048,74.71
765,73.182.125.4,2,93540327,112.52
766,64.183.114.182,3,36392487,329.95
767,50.107.188.47,4,78789180,329.95
768,170.39.185.245,3,58844649,65.13
769,5.181.234.85,0,72227804,329.61
770,71.72.49.5,1,03102161,36.67
771,99.241.182.203,2,74584681,8.56
772,154.13.57.105,4,69836554,21.61
773,50.232.59.114,4,98024517,14.47
774,70.16.45.177,0,81005166,34.34
775,99.3.173.161,1,44879750,3.04
776,73.90.6.104,2,65582176,329.71
777,141.154.49.193,3,74922429,29.17
778,96.29.208.233,3,23216350,5.21
779,71.235.22.124,0,77021516,3.76
780,68.6.125.67,1,76792192,21.02
781,71.65.173.189,2,54599665,21.88
782,76.16.94.12,4,28049780,8.1
783,163.123.222.62,0,31198986,95.14
784,196.201.210.76,1,36674709,38.82
785,99.233.157.109,2,96517848,5.52
786,157.51.124.133,3,63703898,7.84
787,208.38.250.153,4,98869091,19.74
788,65.215.57.225,4,60497858,36.45
789,24.154.150.39,0,05611792,39.06
790,99.149.124.34,1,07458631,197.26
791,52.25.76.100,2,91851503,30.76
792,98.21.104.142,3,81536711,63.82
793,67.246.122.106,3,18387748,37.01
794,102.91.5.176,0,45939930,37.95
795,64.183.42.235,1,26456765,71.57
796,100.42.255.93,2,80875888,38.81
797,71.232.130.176,4,46878274,58.97
798,197.210.70.146,2,04458515,106.08
799,71.227.121.66,0,69707849,81.37
800,196.19.158.37,1,43873623,37.27
801,216.250.249.128,3,17431605,88.1
802,73.57.56.225,4,31847799,48.9
803,3.236.89.160,2,15226878,21.5
804,76.66.97.231,0,26069509,81.93
805,96.255.79.70,1,07784152,58.6
806,174.192.137.173,3,56227053,28.63
807,73.149.167.128,4,82934847,37.28
808,108.30.34.179,2,07279446,30.1
809,204.9.17.22,0,28650436,110.66
810,196.17.66.1,1,98756973,38.2
811,75.105.177.11,3,99183609,98.57
812,24.217.42.58,4,86880505,19.83
813,24.184.183.168,4,31750738,20.01
814,102.129.198.81,0,48475073,15.54
815,104.247.200.254,1,87231162,90.69
816,100.7.96.214,2,25043656,19.86
817,12.205.151.195,3,63561343,11.19
818,98.156.195.212,4,48801212,322.56
819,63.160.142.27,0,30179136,12.58
820,70.190.245.188,1,46895060,63.7
821,159.2.127.163,2,42709744,60.85
822,209.105.242.96,3,11569292,109.31
823,67.223.136.118,0,96721401,21.36
824,24.218.130.139,1,53780164,117.92
825,98.14.147.148,2,37014241,61.2
826,107.77.228.39,3,10841435,107.01
827,68.7.185.202,4,64354717,9.81
828,208.53.226.79,2,57277624,90.69
829,98.186.85.72,0,36821907,30.41
830,68.83.65.34,1,73010188,28.35
831,104.33.137.52,3,11254757,11.21
832,68.196.67.234,4,03359979,22.37
833,168.158.205.60,1,14793400,37.34
834,200.229.25.210,0,38467627,25.43
835,73.188.233.51,2,72255757,78.59
836,207.228.62.250,3,38325616,11.16
837,67.48.93.228,4,02590606,11.18
838,172.58.143.45,2,74815158,219.16
839,74.105.122.242,0,15841795,6.6
840,76.16.139.116,1,47874806,27.27
841,185.242.108.8,3,22530610,15.37
842,18.208.107.175,4,17303937,32.17
843,154.13.48.157,3,58901350,33.01
844,154.13.58.153,0,62696141,6.48
845,108.5.20.211,1,36904608,47.09
846,163.123.222.16,2,11293241,24.2
847,76.177.96.73,4,42296978,3
848,208.195.16.79,1,79020165,44.75
849,76.26.243.117,0,85334778,34.03
850,72.172.203.116,2,64145281,106.89
851,208.195.30.190,3,07635613,88.72
852,71.34.69.198,4,96851521,9.52
853,63.141.26.78,4,75415347,103.45
854,71.229.95.60,0,40570654,163.94
855,47.135.180.223,1,11979608,235.99
856,72.199.198.16,2,75000821,59.33
857,99.66.221.57,3,08881616,3.34
858,198.254.26.2,1,05565157,74.71
859,104.231.0.246,0,96000551,112.52
860,136.49.84.61,2,76718371,329.95
861,167.88.106.99,3,52621400,329.95
862,216.47.35.37,4,45502894,65.13
863,173.18.232.231,0,28218920,329.61
864,73.149.135.62,1,57875178,36.67
865,172.124.131.44,2,95134817,8.56
866,34.204.93.38,3,55473252,21.61
867,142.147.97.150,4,12854592,14.47
868,75.22.103.98,2,92426142,34.34
869,108.246.220.15,0,56121683,3.04
870,72.84.153.77,1,67435391,329.71
871,147.124.207.181,3,66912006,29.17
872,63.75.241.68,4,19100870,5.21
873,154.13.49.223,2,51137781,3.76
874,38.240.179.33,0,68195211,21.02
875,74.5.143.73,1,52291408,21.88
876,206.170.12.51,3,74929921,8.1
877,35.129.31.216,4,17362530,95.14
878,104.222.211.205,1,73559903,38.82
879,98.237.57.238,0,25094749,5.52
880,70.44.235.159,2,62464862,7.84
881,173.72.207.227,3,46079481,19.74
882,66.220.111.253,4,46561297,36.45
883,63.160.143.250,3,36710275,39.06
884,147.124.213.234,0,68780918,197.26
885,47.20.119.179,1,40224181,30.76
886,216.250.250.15,2,02856628,63.82
887,173.170.77.133,4,69120240,37.01
888,136.52.80.53,1,89290348,37.95
889,106.197.79.112,0,41797323,71.57
890,154.13.59.87,2,94394480,38.81
891,45.42.190.4,3,98184131,58.97
892,45.42.190.29,4,48636382,106.08
893,75.82.129.77,3,48137553,81.37
894,154.13.57.67,0,67677454,37.27
895,75.137.2.37,1,82035645,88.1
896,168.158.200.233,2,69802314,48.9
897,107.223.113.96,4,82375753,21.5
898,63.75.244.69,4,58826270,81.93
899,189.110.238.238,0,55319077,58.6
900,173.23.139.247,1,60321950,28.63
901,154.22.56.163,2,53113562,37.28
902,68.252.217.253,3,38394661,30.1
903,96.28.19.65,3,60900066,110.66
904,73.67.133.254,0,56375244,38.2
905,196.17.65.10,1,34733621,98.57
906,47.189.194.187,2,82524079,19.83
907,71.197.179.89,4,16752812,20.01
908,195.206.111.16,2,42666816,15.54
909,72.229.65.31,0,04224182,90.69
910,63.160.143.226,1,75926113,19.86
911,200.229.30.199,3,23143603,11.19
912,71.201.81.13,4,51818770,322.56
913,73.106.195.224,3,41027817,12.58
914,156.146.59.5,0,36732127,63.7
915,104.156.201.31,1,61143960,60.85
916,208.203.212.242,2,47892953,109.31
917,47.76.76.31,4,99022680,21.36
919,63.75.243.174,1,51595995,61.2
918,68.44.120.80,2,83971958,117.92
920,66.24.55.194,0,04526381,107.01
921,72.75.214.164,3,77247999,9.81
922,196.17.67.48,4,67221303,90.69
923,67.231.200.47,1,40728633,30.41
924,174.204.11.205,0,18238000,28.35
925,76.217.145.80,2,73166729,11.21
926,45.41.224.29,3,37175533,22.37
927,67.171.21.201,4,97347230,37.34
928,99.36.27.182,0,30113199,25.43
929,47.232.81.26,1,76073853,78.59
930,172.58.128.213,2,60327351,11.16
931,168.158.203.124,3,27968346,11.18
932,71.91.48.163,4,95408838,219.16
933,64.130.155.103,3,24638063,6.6
934,208.195.16.202,0,08143647,27.27
935,208.195.30.102,1,88824922,15.37
936,208.195.18.85,2,85869603,32.17
937,192.200.158.110,4,34004312,33.01
938,63.75.243.180,4,79819456,6.48
939,76.209.103.34,0,90188896,47.09
940,147.124.212.222,1,19240859,24.2
941,207.224.200.108,2,62367428,3
942,54.198.109.201,3,13118761,44.75
943,208.195.22.5,0,40867526,34.03
944,54.210.132.109,1,64305820,106.89
945,47.225.3.211,2,03976950,88.72
946,154.13.49.64,3,26118099,9.52
947,170.81.55.147,4,31287306,103.45
948,71.239.171.43,3,56010282,163.94
949,76.232.182.5,0,57220417,235.99
950,198.52.38.233,1,10071654,59.33
951,122.164.109.120,2,37150307,3.34
952,71.211.248.71,4,70596081,74.71
953,75.62.84.116,1,03586939,112.52
954,50.77.127.78,0,08963296,329.95
955,200.229.25.129,2,90750200,329.95
956,104.251.223.217,3,83212451,65.13
957,163.123.222.162,4,93694242,329.61
958,64.137.79.177,1,60042427,36.67
959,73.88.38.21,0,09690256,8.56
960,216.250.250.68,2,17802773,21.61
961,198.14.26.192,3,04724609,14.47
962,72.129.129.92,4,63880103,34.34
963,196.17.65.45,4,47749141,3.04
964,163.123.221.147,0,17863967,329.71
965,208.203.212.104,1,17495655,29.17
966,45.42.190.58,2,49371775,5.21
967,74.74.203.104,3,10307557,3.76
968,75.33.70.66,1,97766408,21.02
969,24.15.166.91,0,38080218,21.88
970,54.86.0.42,2,57777635,8.1
971,24.155.48.156,3,93304944,95.14
972,208.203.219.135,4,30110957,38.82
973,192.200.22.211,2,98361527,5.52
974,47.76.77.132,0,31224082,7.84
975,196.16.110.18,1,72813350,19.74
976,23.177.176.35,3,79456799,36.45
977,168.158.194.81,4,54097708,39.06
978,200.229.24.79,0,40284896,197.26
979,35.139.79.129,1,57374408,30.76
980,107.12.26.224,2,49308562,63.82
981,154.22.56.156,3,23098327,37.01
982,172.82.151.250,4,09560659,37.95
983,63.75.246.140,3,57159305,71.57
984,76.251.70.68,0,02926097,38.81
985,147.124.215.191,1,29529569,58.97
986,154.22.56.137,2,42121741,106.08
987,47.147.7.166,4,54848475,81.37
988,73.134.223.36,0,43916605,37.27
989,68.200.61.72,1,11412674,88.1
990,163.123.222.152,2,94850914,48.9
991,104.251.223.253,3,75957792,21.5
992,208.195.29.73,4,69651558,81.93
993,174.85.2.117,2,89465233,58.6
994,45.42.190.49,0,61892668,28.63
995,67.249.112.145,1,51041885,37.28
996,154.13.58.170,3,14802972,30.1
997,76.185.79.115,4,01696652,110.66
998,154.13.48.2,2,26956765,38.2
999,98.159.196.54,0,87311028,98.57
1000,63.75.240.251,1,69460818,19.83
1001,73.57.91.147,3,35896794,20.01
1002,216.173.101.122,4,29674530,15.54
1003,141.156.146.236,1,78188086,90.69
1004,73.237.135.48,0,60889248,19.86
1005,163.123.220.220,2,83222393,11.19
1006,168.158.207.204,3,05399171,322.56
1007,23.117.127.110,4,01504312,12.58
1008,38.64.51.22,1,68911518,63.7
1009,107.175.40.16,0,00173553,60.85
1010,73.126.26.215,2,04672196,109.31
1011,170.75.148.130,3,57737469,21.36
1012,63.75.243.195,4,54272730,117.92
1013,163.123.222.179,4,80358568,61.2
1014,104.247.200.5,0,26629755,107.01
1015,200.229.25.211,1,01364279,9.81
1016,67.191.200.247,2,90546861,90.69
1017,97.82.25.203,3,34826424,30.41
1018,54.237.185.110,1,14983960,28.35
1019,66.171.34.147,0,06426285,11.21
1020,107.161.113.73,2,23278769,22.37
1021,208.195.26.200,3,85046122,37.34
1022,185.169.252.54,4,90815792,25.43
1023,147.124.215.166,0,95680538,78.59
1024,75.138.75.79,1,41241608,11.16
1025,196.16.108.146,2,89648950,11.18
1026,63.75.244.110,3,24130824,219.16
1027,104.246.125.4,4,47587514,6.6
1028,63.75.247.116,3,51066051,27.27
1029,208.195.16.13,0,14215201,15.37
1030,72.202.53.246,1,64385391,32.17
1031,79.110.180.218,2,05329438,33.01
1032,68.204.181.175,4,70775509,6.48
1033,73.243.81.117,2,06948257,47.09
1034,68.77.193.118,0,77873800,24.2
1035,45.41.224.31,1,98874569,3
1036,163.123.221.71,3,08909657,44.75
1037,163.123.222.14,4,22619350,34.03
1038,199.189.252.141,0,17543643,106.89
1039,163.123.222.157,1,83554264,88.72
1040,75.4.123.57,2,41905708,9.52
1041,45.41.224.32,3,79338547,103.45
1042,172.82.151.81,4,13930395,163.94
1043,170.75.148.33,0,56492070,235.99
1044,63.75.241.140,1,36232655,59.33
1045,104.251.223.202,2,98685615,3.34
1046,207.228.61.45,3,69836125,74.71
1047,68.191.84.173,4,39715513,112.52
1048,170.84.229.232,1,14825783,329.95
1049,70.16.45.189,0,09887158,329.95
1050,23.226.28.140,2,63107087,65.13
1051,196.17.65.202,3,11654153,329.61
1052,54.164.7.103,4,41583031,36.67
1053,71.212.2.7,1,83009657,8.56
1054,196.19.159.42,0,37732584,21.61
1055,163.123.220.156,2,34267836,14.47
1056,168.158.197.65,3,82802665,34.34
1057,200.229.26.239,4,41031300,3.04
1058,200.229.27.100,0,13310269,329.71
1059,193.148.59.195,1,99862612,29.17
1060,75.136.205.147,2,66830565,5.21
1061,208.195.18.80,3,55780338,3.76
1062,154.22.57.8,4,19748505,21.02
1063,154.13.59.48,1,58177258,21.88
1064,107.161.113.39,0,09721983,8.1
1065,195.206.111.243,2,88834356,95.14
1066,63.75.246.125,3,98586333,38.82
1067,67.172.52.203,4,03826396,5.52
1068,208.195.25.75,2,06718927,7.84
1069,49.37.158.101,0,05895014,19.74
1070,172.82.151.19,1,62363834,36.45
1071,63.75.245.116,3,58711999,39.06
1072,184.91.236.104,4,86680484,197.26
1073,196.17.67.209,3,76569795,30.76
1074,63.75.240.144,0,51793180,63.82
1075,23.102.97.210,1,08566009,37.01
1076,200.229.26.126,2,15805197,37.95
1077,196.17.67.83,4,29689390,71.57
1078,63.75.241.204,3,55943704,38.81
1079,75.40.24.179,0,58608054,58.97
1080,65.30.239.86,1,58486796,106.08
1081,199.189.252.64,2,28672129,81.37
1082,172.107.168.196,4,32907444,37.27
1083,71.208.72.251,0,11502562,88.1
1084,23.177.176.34,1,97229486,48.9
1085,147.124.213.62,2,16333833,21.5
1086,154.21.20.15,3,74962297,81.93
1087,67.172.249.152,4,43253628,58.6
1088,172.14.118.218,3,56543925,28.63
1089,172.93.225.236,0,93892620,37.28
1090,52.23.156.85,1,15387176,30.1
1091,34.239.240.50,2,74768873,110.66
1092,107.161.113.14,4,73831561,38.2
1093,208.203.212.219,3,24556656,98.57
1094,160.202.127.70,0,66578279,19.83
1095,185.196.25.59,1,35960084,20.01
1096,198.52.38.23,2,80196333,15.54
1097,70.16.40.186,4,18450997,90.69
1098,67.86.228.155,0,08188619,19.86
1099,173.171.231.80,1,93797808,11.19
1100,196.17.67.96,2,35870925,322.56
1101,172.82.151.66,3,02214942,12.58
1102,63.75.246.134,4,38320210,63.7
1103,23.177.176.7,4,04174880,60.85
1104,63.75.243.160,0,80252753,109.31
1105,69.77.250.207,1,93517535,21.36
1106,54.193.244.199,2,62141032,117.92
1107,144.208.119.64,3,04342371,61.2
1108,168.91.92.167,3,36097022,107.01
1109,216.250.250.70,0,10577089,9.81
1110,97.92.141.117,1,34911034,90.69
1111,206.74.64.23,2,20166234,30.41
1112,76.127.21.137,4,85283707,28.35
1113,154.22.56.210,3,78960547,11.21
1114,63.75.242.165,0,13212075,22.37
1115,163.123.223.19,1,84694060,37.34
1116,104.156.202.199,2,71698838,25.43
1117,208.203.212.193,4,00820300,78.59
1118,216.250.251.131,0,87175198,11.16
1119,63.75.244.163,1,16263360,11.18
1120,74.132.233.103,2,55028852,219.16
1121,170.75.148.22,3,54794476,6.6
1122,147.124.213.179,4,24513832,27.27
1123,75.21.226.163,0,70388064,15.37
1124,63.75.247.213,1,39323701,32.17
1125,63.75.243.102,2,91773493,33.01
1126,24.117.131.177,3,51335265,6.48
1127,208.203.212.56,4,10689140,47.09
1128,96.241.15.19,3,34771763,24.2
1129,8.46.120.129,0,50758079,3
1130,104.247.200.131,1,50662905,44.75
1131,200.229.27.116,2,99334015,34.03
1132,174.250.40.2,4,50078874,106.89
1133,160.202.127.34,1,10340833,88.72
1134,170.75.148.10,0,21290360,9.52
1135,107.77.213.86,2,47315950,103.45
1136,216.250.250.37,3,89608717,163.94
1137,154.13.49.181,4,95000615,235.99
1138,34.220.122.41,2,17489521,59.33
1139,198.52.38.133,0,46034191,3.34
1140,208.195.23.120,1,77788809,74.71
1141,170.75.155.116,3,76752027,112.52
1142,73.77.15.49,4,11230047,329.95
1143,216.250.250.90,3,52077484,329.95
1144,85.8.168.82,0,44295684,65.13
1145,207.228.62.163,1,52769121,329.61
1146,198.14.24.126,2,48961874,36.67
1147,185.196.25.177,4,59486493,8.56
1148,47.76.76.14,3,06935688,21.61
1149,45.41.224.35,0,19798587,14.47
1150,163.123.221.45,1,20677889,34.34
1151,67.81.225.254,2,80041524,3.04
1152,66.91.211.85,4,84650368,329.71
1153,47.203.92.254,1,56897868,29.17
1154,63.75.247.75,0,43057398,5.21
1155,23.112.114.155,2,38716160,3.76
1156,154.22.56.215,3,56367179,21.02
1157,147.124.213.125,4,79770623,21.88
1158,63.75.247.231,3,53423358,8.1
1159,143.59.207.137,0,80610575,95.14
1160,208.203.212.69,1,01731200,38.82
1161,163.123.223.171,2,67445077,5.52
1162,208.203.212.28,4,17241483,7.84
1163,216.250.248.229,3,82558030,19.74
1164,170.84.229.206,0,08078957,36.45
1165,54.191.91.221,1,49232046,39.06
1166,34.234.66.252,2,08012706,197.26
1167,79.110.183.9,4,85070757,30.76
1168,198.14.25.16,4,67180721,63.82
1169,216.47.34.80,0,89338728,37.01
1170,168.158.206.28,1,58307857,37.95
1171,208.203.212.81,2,57471231,71.57
1172,192.200.22.26,3,93231839,38.81
1173,99.19.77.38,1,46452040,58.97
1174,74.82.60.196,0,70966712,106.08
1175,207.228.61.48,2,64289590,81.37
1176,208.203.212.230,3,82023879,37.27
1177,163.123.222.64,4,73464613,88.1
1178,208.203.212.124,1,89190265,48.9
1179,98.29.37.175,0,35708589,21.5
1180,63.75.240.147,2,13687676,81.93
1181,172.92.75.114,3,43281179,58.6
1182,63.75.241.111,4,91671138,28.63
1183,63.75.243.190,4,28049455,37.28
1184,163.123.222.56,0,78463999,30.1
1185,163.123.223.197,1,55849007,110.66
1186,163.123.222.254,2,06912570,38.2
1187,63.75.242.221,3,15652391,98.57
1188,174.255.1.201,2,28022407,19.83
1189,76.196.100.29,0,83188305,20.01
1190,163.123.221.40,1,39324126,15.54
1191,52.128.198.37,3,32916413,90.69
1192,208.195.25.235,4,61056784,19.86
1193,198.14.29.199,1,34320873,11.19
1194,154.13.48.234,0,81556273,322.56
1195,198.14.25.84,2,25154416,12.58
1196,50.114.84.249,3,59461577,63.7
1197,68.201.2.226,4,22793930,60.85
1198,172.102.215.208,3,54336852,109.31
1199,173.52.97.185,0,28163099,21.36
1200,38.125.84.221,1,17129639,117.92
1201,172.98.189.116,2,91894012,61.2
1202,68.198.162.26,4,00342236,107.01
1203,192.101.71.187,1,12537622,9.81
1204,163.123.222.161,0,25752961,90.69
1205,35.173.131.9,2,35526136,30.41
1206,67.245.39.62,3,68623252,28.35
1207,193.228.73.156,4,30253898,11.21
1208,154.22.57.231,2,25302895,22.37
1209,74.128.24.184,0,91658888,37.34
1210,196.17.66.236,1,45302791,25.43
1211,23.113.221.58,3,71646636,78.59
1212,70.180.66.245,4,19089615,11.16
1213,71.225.142.79,1,15578340,11.18
1214,76.188.94.183,0,85358862,219.16
1215,198.14.24.35,2,40466634,6.6
1216,3.138.179.77,3,56900183,27.27
1217,208.195.29.69,4,56930224,15.37
1218,192.101.69.141,2,53433547,32.17
1219,154.13.48.25,0,51840852,33.01
1220,3.83.155.106,1,95381515,6.48
1221,208.195.26.216,3,30277554,47.09
1222,104.222.210.114,4,63788446,24.2
1223,198.14.26.205,2,09816604,3
1224,198.14.27.67,0,26231583,44.75
1225,208.195.21.226,1,70373210,34.03
1226,70.190.161.80,3,60794425,106.89
1227,154.13.58.94,4,48956798,88.72
1228,94.140.11.144,1,11868371,9.52
1229,71.117.136.35,0,36596863,103.45
1230,75.143.235.133,2,51959535,163.94
1231,68.175.15.85,3,41710962,235.99
1232,162.223.29.200,4,82984070,59.33
1233,185.251.1.216,4,92592217,3.34
1234,99.88.27.140,0,54019251,74.71
1235,198.14.27.231,1,55535233,112.52
1236,208.203.212.71,2,89367288,329.95
1237,107.161.113.16,3,11690122,329.95
1238,76.93.53.118,2,71990601,65.13
1239,200.229.24.53,0,16623086,329.61
1240,79.110.180.209,1,25143135,36.67
1241,45.42.190.63,3,48798072,8.56
1242,76.24.14.20,4,17107032,21.61
1243,174.110.11.152,1,55222471,14.47
1244,73.23.131.245,0,70862875,34.34
1245,196.17.66.123,2,27004534,3.04
1246,94.124.161.6,3,61654514,329.71
1247,66.41.250.76,4,56840187,29.17
1248,185.196.25.174,3,56589044,5.21
1249,154.22.59.30,0,78680313,3.76
1250,44.193.8.177,1,32747798,21.02
1251,154.22.57.120,2,02313870,21.88
1252,154.22.57.243,4,16264533,8.1
1253,23.92.221.122,0,59558661,95.14
1254,98.244.197.106,1,81507312,38.82
1255,72.228.86.36,2,22269277,5.52
1256,38.127.145.248,3,43080152,7.84
1257,154.22.59.16,4,22185912,19.74
1258,3.236.168.16,4,41978137,36.45
1259,198.14.24.75,0,61752560,39.06
1260,172.82.151.244,1,93608209,197.26
1261,38.64.51.38,2,34066924,30.76
1262,161.77.81.93,3,39805383,63.82
1263,71.226.120.135,4,94681268,37.01
1264,172.86.94.122,0,75599331,37.95
1265,75.179.27.181,1,35095251,71.57
1266,173.94.224.146,2,31535078,38.81
1267,154.22.59.22,3,20226095,58.97
1268,198.14.29.165,4,02249758,106.08
1269,172.115.241.182,0,52368734,81.37
1270,216.250.250.218,1,63929113,37.27
1271,96.250.107.38,2,73219855,88.1
1272,216.250.250.86,3,43037871,48.9
1273,47.78.184.179,4,51353457,21.5
1274,160.202.95.172,0,42866086,81.93
1275,71.93.6.114,1,77752207,58.6
1276,216.252.56.125,2,73966377,28.63
1277,154.22.57.245,3,28392526,37.28
1278,154.22.57.247,1,38128104,30.1
1279,35.129.32.212,0,09744014,110.66
1280,208.203.212.232,2,83024646,38.2
1281,99.59.188.237,3,70694835,98.57
1282,108.28.23.130,4,22487651,19.83
1283,173.217.67.63,1,98563067,20.01
1284,154.13.48.248,0,87644758,15.54
1285,73.154.51.219,2,76290113,90.69
1286,63.75.253.49,3,40917691,19.86
1287,73.214.32.234,4,09820684,11.19
1288,154.22.57.199,0,93086366,322.56
1289,70.185.211.140,1,92277995,12.58
1290,198.14.30.26,2,01537568,63.7
1291,170.75.155.106,3,30881486,60.85
1292,154.22.57.165,4,33477043,109.31
1293,154.22.57.227,3,30855150,21.36
1294,154.22.57.145,0,29020376,117.92
1295,54.147.132.116,1,21174676,61.2
1296,154.13.57.204,2,49921951,107.01
1297,154.13.48.208,4,88591577,9.81
1298,98.14.190.227,1,51560305,90.69
1299,24.147.28.58,0,11541911,30.41
1300,163.123.222.130,2,45529122,28.35
1301,13.59.43.192,3,43536702,11.21
1302,198.14.27.192,4,68975441,22.37
1303,154.22.57.132,0,05473414,37.34
1304,199.66.168.10,1,44849231,25.43
1305,38.127.145.178,2,85777649,78.59
1306,208.203.212.170,3,10026860,11.16
1307,65.175.245.140,4,92006444,11.18
1308,208.203.212.36,1,35134691,219.16
1309,70.189.41.70,0,14559053,6.6
1310,68.195.41.228,2,15494673,27.27
1311,72.179.184.170,3,43399693,15.37
1312,172.93.163.25,4,89037702,32.17
1313,208.195.17.139,0,80269344,33.01
1314,99.23.95.157,1,80796110,6.48
1315,154.22.59.18,2,88346149,47.09
1316,208.195.23.126,3,78062180,24.2
1317,154.22.59.28,4,12927361,3
1318,154.22.57.135,1,29866370,44.75
1319,154.22.57.150,0,63336802,34.03
1320,63.75.242.214,2,81365362,106.89
1321,154.22.57.249,3,58251939,88.72
1322,154.22.57.175,4,17663890,9.52
1323,216.250.251.130,2,76428569,103.45
1324,104.189.235.54,0,31793466,163.94
1325,154.22.57.229,1,78654224,235.99
1326,154.22.57.152,3,66572582,59.33
1327,154.22.57.217,4,50227445,3.34
1328,154.22.57.188,2,89828011,74.71
1329,154.22.57.180,0,21594053,112.52
1330,154.22.57.110,1,12590988,329.95
1331,154.22.57.251,3,47485456,329.95
1332,154.22.57.193,4,88072600,65.13
1333,208.195.17.186,1,85242163,329.61
1334,154.22.57.203,0,58261693,36.67
1335,154.22.57.241,2,77211411,8.56
1336,154.22.57.138,3,57054134,21.61
1337,154.22.57.190,4,86514016,14.47
1338,154.22.57.239,4,00542966,34.34
1339,196.17.66.149,0,88483635,3.04
1340,154.22.57.177,1,02648172,329.71
1341,154.22.57.125,2,60787791,29.17
1342,75.188.227.47,3,20172555,5.21
1343,154.22.57.225,1,84237319,3.76
1344,154.22.57.170,0,59417306,21.02
1345,154.22.57.142,2,53696609,21.88
1346,154.22.57.235,3,62889597,8.1
1347,154.22.57.195,4,13765713,95.14
1348,163.123.222.172,2,77416431,38.82
1349,154.22.57.162,0,15444410,5.52
1350,154.22.59.26,1,32007388,7.84
1351,154.22.57.182,3,09058810,19.74
1352,200.229.24.26,4,71509767,36.45
1353,154.22.57.186,3,45342207,39.06
1354,154.22.58.62,0,80793586,197.26
1355,154.22.58.60,1,90984938,30.76
1356,71.45.195.198,2,86055664,63.82
1357,104.191.156.130,4,71027739,37.01
1358,154.13.57.85,0,22485207,37.95
1359,154.22.57.197,1,10066285,71.57
1360,50.231.89.18,2,73686891,38.81
1361,63.75.241.153,3,95283129,58.97
1362,45.42.200.112,4,54810956,106.08
1363,154.13.57.149,4,05126349,81.37
1364,18.218.180.104,0,79280629,37.27
1365,154.22.57.233,1,32290669,88.1
1366,154.22.57.158,2,56647581,48.9
1367,71.221.10.44,3,74892909,21.5
1368,63.75.246.190,2,97767488,81.93
1369,154.13.58.15,0,74160953,58.6
1370,76.86.236.35,1,81050842,28.63
1371,73.106.216.112,3,68741000,37.28
1372,162.251.123.247,4,29138315,30.1
1373,73.48.201.53,4,83129149,110.66
1374,196.17.67.212,0,74483163,38.2
1375,76.84.215.206,1,66314674,98.57
1376,75.181.157.251,2,15256856,19.83
1377,24.250.227.114,3,65524372,20.01
1378,68.84.0.60,4,64351491,15.54
1379,45.144.113.70,0,81159140,90.69
1380,98.245.232.208,1,53623710,19.86
1381,74.95.38.77,2,26163426,11.19
1382,24.88.130.13,3,12417398,322.56
1383,3.92.62.69,4,04479525,12.58
1384,71.195.31.91,0,66256495,63.7
1385,75.128.140.161,1,93386355,60.85
1386,207.244.71.82,2,20168870,109.31
1387,138.88.134.145,3,99805340,21.36
1388,63.75.244.75,2,90036491,117.92
1389,192.252.220.58,0,27624315,61.2
1390,72.66.2.11,1,31194332,107.01
1391,47.158.114.154,3,60408111,9.81
1392,207.244.71.81,4,12166349,90.69
1393,50.89.213.70,4,15313052,30.41
1394,184.57.167.119,0,46453483,28.35
1395,45.61.146.117,1,21877301,11.21
1396,69.243.148.173,2,81225074,22.37
1397,186.179.49.85,3,85569782,37.34
1398,52.128.197.206,0,95429075,25.43
1399,200.229.28.81,1,95385816,78.59
1400,104.247.200.117,2,17302507,11.16
1401,99.7.51.209,3,63490766,11.18
1402,24.254.29.152,4,39314238,219.16
1403,108.62.116.176,1,10102395,6.6
1404,71.30.135.119,0,88196057,27.27
1405,47.16.231.180,2,59545381,15.37
1406,176.113.72.52,3,71039047,32.17
1407,172.58.47.38,4,94154760,33.01
1408,68.7.136.151,2,59248146,6.48
1409,200.229.24.101,0,96890054,47.09
1410,50.29.129.193,1,08979180,24.2
1411,24.63.215.130,3,98704030,3
1412,170.75.148.224,4,16859737,44.75
1413,68.106.128.41,1,58913203,34.03
1414,198.52.38.254,0,37943569,106.89
1415,208.203.212.250,2,24857824,88.72
1416,163.123.222.175,3,34693449,9.52
1417,24.237.158.252,4,98094106,103.45
1418,66.69.140.220,4,35681531,163.94
1419,172.58.121.110,0,21196408,235.99
1420,97.102.123.129,1,59446392,59.33
1421,73.101.197.32,2,08382940,3.34
1422,108.92.151.97,3,27695604,74.71
1423,73.57.6.140,4,55289029,112.52
1424,68.100.183.95,0,58539350,329.95
1425,3.95.10.3,1,35304627,329.95
1426,173.91.89.50,2,89976278,65.13
1427,47.14.187.63,3,47541398,329.61
1428,154.22.56.126,2,51775636,36.67
1429,66.153.170.7,0,52670855,8.56
1430,104.247.208.93,1,09434611,21.61
1431,31.207.2.108,3,52426055,14.47
1432,75.186.153.55,4,72073989,34.34
1433,97.71.158.163,2,38715679,3.04
1434,98.195.236.228,0,88334920,329.71
1435,71.120.201.49,1,60263787,29.17
1436,69.232.58.212,3,49961610,5.21
1437,67.44.177.22,4,87633227,3.76
1438,71.127.48.232,4,94818112,21.02
1439,24.61.110.187,0,51733950,21.88
1440,75.33.176.66,1,60017858,8.1
1441,63.75.246.188,2,87921106,95.14
1442,174.60.36.200,3,18445416,38.82
1443,172.58.176.165,1,67151017,5.52
1444,76.179.135.98,0,59595838,7.84
1445,3.133.123.16,2,85338653,19.74
1446,24.116.244.185,3,68617442,36.45
1447,170.81.55.19,4,07598040,39.06
1448,168.91.92.188,1,63143032,197.26
1449,107.11.59.198,0,41357034,30.76
1450,71.193.129.39,2,25474355,63.82
1451,173.88.114.143,3,43293128,37.01
1452,131.106.68.117,4,64735527,37.95
1453,68.117.145.137,3,96190255,71.57
1454,163.123.221.104,0,63538055,38.81
1455,104.190.173.154,1,73730908,58.97
1456,174.85.235.120,2,27410118,106.08
1457,72.239.221.250,4,56022736,81.37
1458,163.123.222.214,0,06310322,37.27
1459,173.25.189.89,1,46703097,88.1
1460,97.101.65.177,2,41456564,48.9
1461,54.175.105.215,3,70423922,21.5
1462,73.236.7.213,4,22500113,81.93
1463,172.86.84.83,1,97727096,58.6
1464,45.48.58.7,0,88961810,28.63
1465,131.106.49.87,2,46616683,37.28
1466,100.36.133.136,3,01233595,30.1
1467,68.59.25.177,4,15935665,110.66
1468,104.15.237.105,2,28885353,38.2
1469,54.162.247.57,0,64012244,98.57
1470,73.79.231.17,1,80614105,19.83
1471,73.198.178.75,3,95579481,20.01
1472,205.201.72.120,4,26404907,15.54
1473,50.228.255.211,0,09738776,90.69
1474,70.44.37.71,1,85691033,19.86
1475,24.8.192.96,2,42312813,11.19
1476,3.90.61.188,3,52982042,322.56
1477,139.28.216.180,4,38537489,12.58
1478,184.187.250.77,0,28573189,63.7
1479,34.201.127.226,1,30374687,60.85
1480,47.12.34.240,2,00775291,109.31
1481,45.46.156.150,3,75048211,21.36
1482,24.210.212.228,4,93902423,117.92
1483,208.99.225.205,1,17826116,61.2
1484,68.224.247.44,0,47078133,107.01
1485,45.144.113.31,2,05042843,9.81
1486,47.201.160.100,3,20676488,90.69
1487,174.216.11.168,4,24000225,30.41
1488,76.217.238.153,4,00865161,28.35
1489,65.130.81.170,0,74506030,11.21
1490,174.107.231.46,1,51328967,22.37
1491,71.79.181.176,2,14539018,37.34
1492,173.219.43.140,3,70324378,25.43
1493,70.48.76.234,4,20818516,78.59
1494,73.46.238.1,0,09191346,11.16
1495,24.12.178.51,1,28880923,11.18
1496,73.180.118.98,2,84452943,219.16
1497,98.148.98.120,3,07132982,6.6
1498,73.8.59.95,2,43018048,27.27
1499,45.41.224.28,0,78088945,15.37
1500,100.1.56.193,1,96541898,32.17
1501,63.75.240.12,3,32983505,33.01
1502,72.203.142.94,4,53877068,6.48
1503,172.56.14.15,1,20150791,47.09
1504,192.200.158.153,0,44626486,24.2
1505,75.35.196.153,2,89645520,3
1506,73.160.155.33,3,05278700,44.75
1507,174.250.12.8,4,98188856,34.03
1508,184.90.48.135,3,35461444,106.89
1509,75.163.173.111,0,50198658,88.72
1510,208.68.247.153,1,41366968,9.52
1511,104.188.142.126,2,15565721,103.45
1512,64.203.226.44,4,26430414,163.94
1513,96.241.133.25,2,60271375,235.99
1514,50.41.9.34,0,92272179,59.33
1515,3.87.7.224,1,19848597,3.34
1516,174.255.2.8,3,35345992,74.71
1517,68.200.19.227,4,58075528,112.52
1518,76.105.42.186,2,26718283,329.95
1519,200.229.26.113,0,35829360,329.95
1520,163.123.220.148,1,61481780,65.13
1521,198.52.38.229,3,84147561,329.61
1522,73.136.63.228,4,76908374,36.67
1523,107.77.204.21,0,60009835,8.56
1524,199.189.252.143,1,97136866,21.61
1525,95.216.21.236,2,03997725,14.47
1526,69.121.219.189,3,69278217,34.34
1527,163.123.220.33,4,48669903,3.04
1528,72.183.32.38,4,16918157,329.71
1529,34.225.141.127,0,98620927,29.17
1530,66.171.35.134,1,36482134,5.21
1531,174.108.6.158,2,70636757,3.76
1532,71.9.180.235,3,52035245,21.02
1533,98.15.21.248,1,99861229,21.88
1534,172.56.15.112,0,10534717,8.1
1535,24.15.25.124,2,73867702,95.14
1536,173.175.171.91,3,19920847,38.82
1537,137.83.223.105,4,00477690,5.52
1538,174.241.167.89,4,80487920,7.84
1539,24.166.240.175,0,66219946,19.74
1540,98.221.210.60,1,35505001,36.45
1541,68.206.247.157,2,27846074,39.06
1542,184.170.166.162,3,72624948,197.26
1543,71.64.110.247,1,74477278,30.76
1544,107.77.213.83,0,40002313,63.82
1545,24.177.153.75,2,61384672,37.01
1546,212.162.151.143,3,30043822,37.95
1547,166.1.8.145,4,53651782,71.57
1548,193.148.57.7,2,98876144,38.81
1549,172.90.209.95,0,75219657,58.97
1550,198.16.31.88,1,98512799,106.08
1551,75.168.124.12,3,38125641,81.37
1552,76.174.170.158,4,69194062,37.27
1553,47.32.139.157,3,30955956,88.1
1554,104.190.239.4,0,47616756,48.9
1555,70.180.19.25,1,05847449,21.5
1556,99.153.17.223,2,69858276,81.93
1557,196.17.65.80,4,11486770,58.6
1558,98.111.214.181,3,05427519,28.63
1559,198.52.38.226,0,68806964,37.28
1560,72.202.2.10,1,35657475,30.1
1561,66.30.237.148,2,60760967,110.66
1562,207.241.166.203,4,88773432,38.2
1563,63.75.243.228,2,35771935,98.57
1564,63.75.240.172,0,87264959,19.83
1565,73.18.16.208,1,95147510,20.01
1566,76.107.217.188,3,88845935,15.54
1567,24.162.217.196,4,27692021,90.69
1568,73.3.215.227,3,84222359,19.86
1569,166.166.60.75,0,69484429,11.19
1570,66.108.246.62,1,40388278,322.56
1571,165.139.140.253,2,98379688,12.58
1572,108.197.230.166,4,32957458,63.7
1573,154.13.58.227,2,34152759,60.85
1574,98.252.196.49,0,02617270,109.31
1575,75.68.53.31,1,23138303,21.36
1576,65.60.89.50,3,18561589,117.92
1577,104.222.196.153,4,83026419,61.2
1578,108.17.60.154,4,65122924,107.01
1579,68.80.239.243,0,52994675,9.81
1580,75.143.165.151,1,40598017,90.69
1581,5.181.234.86,2,72477257,30.41
1582,198.14.25.29,3,35514931,28.35
1583,74.209.44.102,1,48896805,11.21
1584,68.102.4.207,0,56058883,22.37
1585,73.79.234.136,2,80748055,37.34
1586,149.101.180.122,3,10432554,25.43
1587,3.133.141.105,4,90663785,78.59
1588,72.190.124.142,2,98527110,11.16
1589,74.109.21.170,0,05375310,11.18
1590,76.177.180.230,1,13179242,219.16
1591,208.195.27.121,3,45510733,6.6
1592,45.131.194.55,4,40466810,27.27
1593,76.72.12.149,3,59283672,15.37
1594,75.130.142.193,0,68492933,32.17
1595,50.246.226.38,1,10615378,33.01
1596,50.231.89.208,2,98198896,6.48
1597,208.118.154.21,4,50361635,47.09
1598,99.3.19.81,2,14150881,24.2
1599,47.152.5.211,0,50801885,3
1600,24.18.182.16,1,13784431,44.75
1601,67.172.225.16,3,66437655,34.03
1602,107.181.155.129,4,68166638,106.89
1603,98.101.43.98,0,28058604,88.72
1604,66.65.27.158,1,10727310,9.52
1605,47.222.113.21,2,00630444,103.45
1606,207.228.61.51,3,70577114,163.94
1607,71.204.95.8,4,63449980,235.99
1608,67.172.169.242,1,57654282,59.33
1609,73.142.91.123,0,23443063,3.34
1610,131.150.164.122,2,79284766,74.71
1611,71.166.47.134,3,53398655,112.52
1612,207.108.136.234,4,57888718,329.95
1613,208.195.16.215,4,58061335,329.95
1614,73.1.253.189,0,32529635,65.13
1615,184.170.186.171,1,13169055,329.61
1616,75.143.74.35,2,88706140,36.67
1617,70.171.98.253,3,04988740,8.56
1618,98.242.240.32,2,03295909,21.61
1619,68.55.218.131,0,17895036,14.47
1620,75.140.81.14,1,08533489,34.34
1621,173.168.92.161,3,03361246,3.04
1622,154.13.49.77,4,74868337,329.71
1623,67.188.204.207,1,92470713,29.17
1624,172.58.6.176,0,40183405,5.21
1625,74.141.155.212,2,88747472,3.76
1626,24.161.104.28,3,20773254,21.02
1627,104.51.72.249,4,37408154,21.88
1628,24.147.15.21,0,26485108,8.1
1629,24.227.46.50,1,55986383,95.14
1630,24.113.30.48,2,39362258,38.82
1631,104.251.223.228,3,64848861,5.52
1632,108.65.169.170,4,21163514,7.84
1633,52.91.224.67,2,55730827,19.74
1634,154.13.58.20,0,39511711,36.45
1635,199.114.218.109,1,87784183,39.06
1636,70.114.135.227,3,12239143,197.26
1637,71.164.98.135,4,04354907,30.76
1638,99.115.15.163,1,19720904,63.82
1639,199.189.252.205,0,99708781,37.01
1640,163.123.221.190,2,30756440,37.95
1641,168.158.202.148,3,95607379,71.57
1642,173.20.85.164,4,09841929,38.81
1643,195.206.111.90,3,63431861,58.97
1644,71.79.161.242,0,38147757,106.08
1645,199.241.124.3,1,02930187,81.37
1646,24.126.193.128,2,24251053,37.27
1647,71.64.196.106,4,60772805,88.1
1648,155.254.116.28,3,97556096,48.9
1649,198.251.94.53,0,76053265,21.5
1650,67.11.211.112,1,51988556,81.93
1651,167.88.106.192,2,80685222,58.6
1652,63.75.246.131,4,44585189,28.63
1653,66.181.114.71,0,32570134,37.28
1654,47.183.213.64,1,06739552,30.1
1655,68.174.133.242,2,78935228,110.66
1656,23.119.77.162,3,03990702,38.2
1657,185.196.24.100,4,62341640,98.57
1658,47.188.195.147,3,63130317,19.83
1659,99.137.213.36,0,36838960,20.01
1660,99.56.119.227,1,53056334,15.54
1661,24.35.78.57,2,09591202,90.69
1662,63.75.242.234,4,00183051,19.86
1663,154.13.57.51,0,52615016,11.19
1664,172.86.94.28,1,93650994,322.56
1665,34.238.235.239,2,32314786,12.58
1666,99.162.190.4,3,29600675,63.7
1667,198.52.38.22,4,33763308,60.85
1668,162.83.166.148,0,62044671,109.31
1669,167.23.240.75,1,92205498,21.36
1670,72.80.114.239,2,30378913,117.92
1671,99.125.118.63,3,14520568,61.2
1672,174.194.139.242,4,57148500,107.01
1673,163.123.221.144,4,85658605,9.81
1674,70.48.235.207,0,09472083,90.69
1675,154.13.57.39,1,91396917,30.41
1676,24.38.162.250,2,39470466,28.35
1677,174.202.228.212,3,02412002,11.21
1678,146.70.50.146,0,48280965,22.37
1679,63.75.244.159,1,96095585,37.34
1680,174.96.79.15,2,34863236,25.43
1681,97.118.247.214,3,40109229,78.59
1682,63.75.246.118,4,64263776,11.16
1683,208.104.51.235,0,93823965,11.18
1684,162.206.144.105,1,13249341,219.16
1685,107.184.65.176,2,64564465,6.6
1686,69.247.208.220,3,10137459,27.27
1687,174.244.112.89,4,97264787,15.37
1688,69.14.153.117,0,22092158,32.17
1689,70.127.184.235,1,77513613,33.01
1690,76.17.245.69,2,31776391,6.48
1691,75.16.186.138,3,29803592,47.09
1692,154.13.48.44,4,94873964,24.2
1693,63.75.240.80,1,95658967,3
1694,104.189.76.130,0,71857138,44.75
1695,100.14.220.218,2,04504227,34.03
1696,32.209.27.113,3,07376889,106.89
1697,67.141.2.191,4,78554589,88.72
1698,68.3.39.174,4,39271300,9.52
1699,107.77.232.119,0,09492628,103.45
1700,174.52.229.4,1,13988985,163.94
1701,69.254.204.195,2,35171440,235.99
1702,72.68.192.46,3,27884643,59.33
1703,47.32.93.176,0,82283100,3.34
1704,162.217.53.73,1,09704981,74.71
1705,205.157.149.152,2,08519909,112.52
1706,73.168.250.133,3,73121316,329.95
1707,24.150.71.218,4,31436191,329.95
1708,158.62.144.211,0,66075900,65.13
1709,67.173.53.167,1,36955925,329.61
1710,72.199.7.145,2,14498611,36.67
1711,97.73.80.201,3,12569042,8.56
1712,68.7.4.54,4,98374245,21.61
1713,174.197.197.208,3,90650036,14.47
1714,99.34.22.17,0,23487169,34.34
1715,208.195.21.75,1,00653686,3.04
1716,98.255.243.91,2,24743697,329.71
1717,24.228.84.55,4,69195034,29.17
1718,72.187.51.147,2,80539674,5.21
1719,68.66.76.254,0,55535934,3.76
1720,200.229.24.97,1,74939175,21.02
1721,102.129.217.62,3,97308399,21.88
1722,154.13.59.42,4,55881727,8.1
1723,71.31.161.116,1,80215111,95.14
1724,73.215.54.67,0,18676689,38.82
1725,34.200.254.3,2,60207490,5.52
1726,171.22.76.38,3,57639057,7.84
1727,192.200.22.174,4,89325006,19.74
1728,70.125.199.248,0,84533048,36.45
1729,63.75.242.51,1,15535823,39.06
1730,154.13.48.218,2,68591757,197.26
1731,71.58.88.192,3,14991377,30.76
1732,63.75.242.94,4,22176547,63.82
1733,185.232.22.199,4,88769273,37.01
1734,23.242.120.62,0,65806069,37.95
1735,208.195.20.26,1,47525309,71.57
1736,196.17.66.22,2,13099517,38.81
1737,63.75.241.94,3,57076771,58.97
1738,208.78.220.203,3,87222267,106.08
1739,142.105.55.168,0,49121351,81.37
1740,161.97.225.93,1,12502879,37.27
1741,99.95.149.171,2,03803851,88.1
1742,198.14.25.48,4,82752769,48.9
1743,44.197.176.166,4,67377096,21.5
1744,172.58.3.143,0,78485267,81.93
1745,154.6.17.206,1,70576477,58.6
1746,50.88.252.227,4,10306069,28.63
1747,163.123.222.13,2,47186336,37.28
1748,76.124.9.21,4,64195572,30.1
1749,70.186.124.20,2,89530361,110.66
1750,69.219.162.88,4,49271889,38.2
1751,98.42.206.53,2,98602115,98.57
1752,199.204.87.134,4,55540549,19.83
1753,68.97.21.67,2,50642445,20.01
1754,24.193.123.35,4,69785170,15.54
1755,66.27.166.145,1,33481894,90.69
1756,200.229.31.54,2,33584529,19.86
1757,71.65.237.251,4,48630396,11.19
1758,208.126.94.193,1,95503921,322.56
1759,71.91.27.55,2,34562955,12.58
1760,163.123.222.7,4,17158454,63.7
1761,163.123.222.28,1,73514136,60.85
1762,108.184.114.182,2,46334813,109.31
1763,75.129.106.203,4,75767879,21.36
1764,50.231.89.161,1,36203311,117.92
1765,63.75.244.52,2,84500044,61.2
1766,163.123.222.251,4,91555989,107.01
1767,174.212.34.157,1,28070282,9.81
1768,76.209.127.240,2,40706290,90.69
1769,98.170.224.80,3,80162594,30.41
1770,64.224.87.144,4,07026089,28.35
1771,196.17.67.187,1,73992678,11.21
1772,45.42.190.9,2,57056900,22.37
1773,172.78.233.37,3,49495536,37.34
1774,76.190.99.115,4,36893345,25.43
1775,207.44.27.145,1,54077959,78.59
1776,71.0.22.28,2,31877763,11.16
1777,69.206.223.5,3,65310391,11.18
1778,75.31.99.47,4,58987003,219.16
1779,104.8.174.38,1,66565405,6.6
1780,23.84.226.250,2,17657090,27.27
1781,24.155.101.146,3,31649890,15.37
1782,24.255.75.53,4,32414341,32.17
1783,68.32.46.171,1,43853492,33.01
1784,65.30.210.157,2,60295887,6.48
1785,73.106.109.240,3,55232756,47.09
1786,204.90.30.3,4,72028763,24.2
1787,72.202.79.185,1,67969622,3
1788,146.168.26.157,2,97176206,44.75
1789,107.146.153.247,3,15827621,34.03
1790,74.101.242.55,4,90038696,106.89
1791,3.231.214.66,1,21477806,88.72
1792,134.215.84.10,2,90751319,9.52
1793,74.101.98.174,3,24105797,103.45
1794,209.90.233.27,4,79247174,163.94
1795,172.56.6.28,1,70754383,235.99
1796,98.223.8.43,2,40740939,59.33
1797,172.58.44.154,3,07468890,3.34
1798,75.65.5.150,4,88260077,74.71
1799,163.123.222.243,1,39356288,112.52
1800,73.227.35.221,2,02232194,329.95
1801,52.128.197.216,3,93967955,329.95
1802,208.195.21.189,4,85673278,65.13
1803,172.72.102.123,1,52570505,329.61
1804,170.244.94.149,2,83217461,36.67
1805,75.75.41.37,3,00561960,8.56
1806,163.123.220.34,4,23515179,21.61
1807,71.179.92.142,1,23071890,14.47
1808,209.0.51.161,2,95731769,34.34
1809,108.81.67.197,3,61176206,3.04
1810,196.17.66.7,4,13346577,329.71
1811,208.195.19.110,4,07011052,29.17
1812,163.123.222.80,0,12986325,5.21
1813,138.88.166.40,1,57307595,3.76
1814,23.177.176.21,2,21872396,21.02
1815,208.195.30.143,3,36418284,21.88
1816,163.123.221.249,0,83822718,8.1
1817,142.119.22.227,1,33552353,95.14
1818,63.75.246.246,2,06433726,38.82
1819,71.230.65.155,3,09764772,5.52
1820,162.154.153.84,4,83679743,7.84
1821,47.227.108.154,0,14932642,19.74
1822,174.204.196.10,1,43534364,36.45
1823,47.23.31.198,2,38849174,39.06
1824,35.239.165.46,3,39566004,197.26
1825,45.61.151.102,4,50564898,30.76
1826,54.160.21.61,0,96676828,63.82
1827,54.152.98.43,1,41249304,37.01
1828,3.93.143.97,2,36825540,37.95
1829,37.1.214.161,3,59517327,71.57
1830,193.148.58.205,4,72290035,38.81
1831,73.81.149.101,1,42959565,58.97
1832,54.219.13.225,0,31142865,106.08
1833,196.17.65.19,2,57996072,81.37
1834,208.195.21.29,3,00994548,37.27
1835,63.75.244.233,4,24274661,88.1
1836,68.42.220.131,3,43082247,48.9
1837,37.1.210.181,0,67490945,21.5
1838,100.27.45.112,1,95303957,81.93
1839,200.229.31.4,2,98657365,58.6
1840,98.198.66.18,4,59001025,28.63
1841,68.103.66.137,2,33832314,37.28
1842,216.250.250.78,0,87917271,30.1
1843,63.75.255.219,1,17208242,110.66
1844,200.229.31.134,3,99190679,38.2
1845,35.134.193.224,4,73172439,98.57
1846,54.151.42.89,3,92793033,19.83
1847,52.128.212.131,0,05064669,20.01
1848,76.108.50.199,1,78699159,15.54
1849,172.98.189.155,2,91486871,90.69
1850,99.77.104.155,4,03658972,19.86
1851,173.225.109.60,4,59388831,11.19
1852,136.185.69.170,0,54054655,322.56
1853,207.228.60.193,1,52677575,12.58
1854,38.17.55.225,2,13067394,63.7
1855,200.229.31.219,3,59920399,60.85
1856,163.123.222.34,3,88119062,109.31
1857,154.13.58.97,0,77546735,21.36
1858,63.75.245.5,1,80532260,117.92
1859,154.13.59.122,2,66876594,61.2
1860,92.119.183.219,4,83441723,107.01
1861,72.74.216.148,4,32723567,9.81
1862,23.177.176.17,0,60258948,90.69
1863,163.123.222.121,1,48422423,30.41
1864,73.134.250.245,2,14752583,28.35
1865,54.215.236.43,3,26651408,11.21
1866,85.239.57.91,4,06582785,22.37
1867,3.140.208.211,4,22766599,37.34
1868,208.195.16.157,4,57706333,25.43
1869,3.15.166.192,4,28858017,78.59
1870,161.77.80.135,4,66716325,11.16
1871,47.78.186.252,1,38839334,11.18
1872,63.75.249.47,2,02868617,219.16
1873,208.195.24.173,4,87032081,6.6
1874,206.12.164.191,4,81950782,27.27
1875,173.81.170.226,1,53480161,15.37
1876,75.88.255.213,2,43158166,32.17
1877,71.11.158.96,4,91460901,33.01
1878,47.233.120.232,1,82300701,6.48
1879,68.102.182.181,2,15869122,47.09
1880,104.187.218.29,4,72522852,24.2
1881,162.202.206.109,1,40006327,3
1882,3.137.221.91,2,69480223,44.75
1883,72.181.5.166,4,18141579,34.03
1884,99.88.62.63,1,92364214,106.89
1885,216.250.248.249,2,75387457,88.72
1886,194.49.79.194,4,57644972,9.52
1887,174.48.195.3,1,41608209,103.45
1888,67.183.27.178,2,00165425,163.94
1889,68.204.208.53,3,94637454,235.99
1890,208.195.26.111,4,60755825,59.33
1891,104.247.200.229,1,00765236,3.34
1892,69.80.83.208,2,75895859,74.71
1893,75.81.113.118,3,78673335,112.52
1894,76.107.22.101,4,23053704,329.95
1895,208.203.223.201,1,19640405,329.95
1896,104.49.197.119,2,22045561,65.13
1897,193.19.109.33,3,70506418,329.61
1898,207.244.71.80,4,67089843,36.67
1899,196.17.66.101,1,03452835,8.56
1900,24.210.66.226,2,53460120,21.61
1901,73.171.167.142,3,33031598,14.47
1902,174.50.64.105,4,25679533,34.34
1903,71.135.11.100,0,04601767,3.04
1904,70.189.20.108,1,46680785,329.71
1905,208.195.19.60,2,37264488,29.17
1906,172.115.179.129,3,64760833,5.21
1907,24.171.66.50,4,14791111,3.76
1908,67.240.134.184,4,03497509,21.02
1909,170.81.55.250,0,53173332,21.88
1910,74.193.146.4,1,09555423,8.1
1911,199.193.237.17,2,16668490,95.14
1912,45.18.114.17,3,76511054,38.82
1913,170.81.55.221,0,22601854,5.52
1914,168.158.198.194,1,37985917,7.84
1915,73.207.115.39,2,45923888,19.74
1916,163.123.222.154,3,10033828,36.45
1917,8.36.224.61,4,72904047,39.06
1918,196.19.158.207,1,45741666,197.26
1919,170.81.55.217,0,11807739,30.76
1920,172.2.255.165,2,26137114,63.82
1921,66.187.8.40,3,37107670,37.01
1922,34.238.44.28,4,22212625,37.95
1923,170.84.228.90,1,19768952,71.57
1924,35.171.23.159,0,78143744,38.81
1925,146.70.34.131,2,37547014,58.97
1926,163.123.222.120,3,60053361,106.08
1927,172.0.73.38,4,62942697,81.37
1928,134.202.32.33,2,42921978,37.27
1929,63.75.242.227,0,71443763,88.1
1930,107.21.152.164,1,22178419,48.9
1931,98.179.220.99,3,81503783,21.5
1932,71.254.204.156,4,88534858,81.93
1933,98.39.168.24,1,68518048,58.6
1934,50.231.89.86,0,69464149,28.63
1935,63.75.240.249,2,23273811,37.28
1936,50.231.89.131,3,13517578,30.1
1937,107.201.236.23,4,72742028,110.66
1938,54.205.68.114,3,48079242,38.2
1939,73.219.24.8,0,86691013,98.57
1940,199.38.77.10,1,29045355,19.83
1941,196.17.64.13,2,23440364,20.01
1942,216.250.248.248,4,58969455,15.54
1943,76.179.248.184,0,70834149,90.69
1944,216.250.248.233,1,47145419,19.86
1945,204.16.247.101,2,23793840,11.19
1946,71.167.206.167,3,17636361,322.56
1947,73.11.250.173,4,09607361,12.58
1948,12.198.49.144,0,24327554,63.7
1949,107.139.184.71,1,37801682,60.85
1950,99.45.216.238,2,81071564,109.31
1951,198.52.38.21,3,95210361,21.36
1952,70.39.116.198,4,32933657,117.92
1953,208.195.31.178,3,92113959,61.2
1954,75.140.147.115,0,22138986,107.01
1955,69.230.48.35,1,87633692,9.81
1956,193.148.58.118,2,31420820,90.69
1957,35.129.53.157,4,55283969,30.41
1958,192.180.12.203,4,11708856,28.35
1959,156.146.38.152,0,60888807,11.21
1960,47.210.35.112,1,29046849,22.37
1961,70.188.24.14,2,68783636,37.34
1962,70.127.142.215,3,83406649,25.43
1963,73.98.95.116,2,42412845,78.59
1964,76.175.175.194,0,72569072,11.16
1965,195.206.111.48,1,66677476,11.18
1966,54.157.104.130,3,88006041,219.16
1967,184.153.243.160,4,47798109,6.6
1968,64.251.49.98,4,22491809,27.27
1969,196.17.64.206,0,17922689,15.37
1970,154.13.59.89,1,36443443,32.17
1971,207.228.63.14,2,98790473,33.01
1972,64.130.74.187,3,44755784,6.48
1973,154.13.49.152,0,62119939,47.09
1974,204.237.3.32,1,68509869,24.2
1975,50.18.32.88,2,50231606,3
1976,154.13.48.162,3,19450161,44.75
1977,196.17.65.23,4,16914745,34.03
1978,52.91.245.91,1,88302688,106.89
1979,66.187.8.56,0,14804759,88.72
1980,163.123.222.163,2,73409108,9.52
1981,54.221.187.97,3,97569095,103.45
1982,208.195.19.172,4,56040677,163.94
1983,98.212.152.69,3,80134424,235.99
1984,37.120.147.173,0,29258338,59.33
1985,107.139.92.71,1,24699746,3.34
1986,185.203.218.242,2,61730578,74.71
1987,154.13.49.236,4,78085096,112.52
1988,102.165.16.10,2,96992293,329.95
1989,216.250.249.147,0,18275455,329.95
1990,75.134.17.199,1,22182141,65.13
1991,18.218.81.190,3,89053687,329.61
1992,174.84.79.207,4,58064836,36.67
1993,23.177.176.18,1,38047763,8.56
1994,66.187.8.44,0,64473774,21.61
1995,108.175.189.205,2,06774569,14.47
1996,100.24.1.117,3,72738461,34.34
1997,3.129.63.67,4,02500035,3.04
1998,163.123.220.6,0,19537727,329.71
1999,209.203.93.157,1,90415480,29.17
2000,208.195.27.176,2,51290296,5.21
2001,170.81.55.5,3,73147573,3.76
2002,172.219.207.73,4,80685475,21.02
2003,163.123.221.105,0,34576090,21.88
2004,65.215.43.76,1,85757921,8.1
2005,162.210.194.37,2,17465297,95.14
2006,23.177.176.19,3,11891658,38.82
2007,12.198.49.59,4,97010377,5.52
2008,107.161.81.188,3,00693752,7.84
2009,45.42.190.62,0,20687322,19.74
2010,170.81.55.87,1,01866420,36.45
2011,32.141.161.162,2,38855655,39.06
2012,163.123.222.115,4,89184753,197.26
2013,173.81.97.71,4,27206920,30.76
2014,71.191.67.45,0,16424745,63.82
2015,73.221.86.149,1,50342348,37.01
2016,170.81.55.179,2,05146602,37.95
2017,47.76.76.10,3,61453069,71.57
2018,208.195.25.136,4,73538397,38.81
2019,99.71.148.226,0,21238493,58.97
2020,68.45.11.5,1,06449747,106.08
2021,216.21.170.4,2,95503306,81.37
2022,98.11.212.5,3,52092523,37.27
2023,200.229.27.99,1,13153844,88.1
2024,172.82.128.236,0,20080822,48.9
2025,173.23.127.126,2,83733232,21.5
2026,12.187.175.72,3,65421767,81.93
2027,173.242.139.13,4,47417523,58.6
2028,76.189.202.66,4,99060690,28.63
2029,156.146.59.30,0,98700919,37.28
2030,70.171.9.199,1,39898669,30.1
2031,136.35.134.98,2,35447697,110.66
2032,47.76.76.102,3,80223373,38.2
2033,216.250.249.248,3,71568588,98.57
2034,65.32.133.188,0,03901011,19.83
2035,73.30.54.19,1,57362510,20.01
2036,67.21.178.196,2,20615901,15.54
2037,198.14.25.101,4,40916737,90.69
2038,54.156.86.62,4,82271968,19.86
2039,154.13.49.104,0,48122453,11.19
2040,159.65.163.117,1,80445986,322.56
2041,45.16.2.23,2,87462348,12.58
2042,170.202.22.119,3,26813235,63.7
2043,68.35.150.212,3,02617536,60.85
2044,46.232.14.61,0,49766897,109.31
2045,74.133.4.198,1,24965731,21.36
2046,73.203.178.160,2,86320389,117.92
2047,172.86.94.98,4,22719313,61.2
2048,54.157.228.221,4,51050585,107.01
2049,216.9.191.209,0,22541370,9.81
2050,172.103.240.142,1,63068970,90.69
2051,71.31.20.45,2,98589601,30.41
2052,104.231.150.167,3,28645697,28.35
2053,154.13.57.11,0,75132090,11.21
2054,173.22.245.155,1,55339589,22.37
2055,24.76.106.65,2,14278138,37.34
2056,216.151.180.9,3,80730530,25.43
2057,174.20.87.134,4,68452627,78.59
2058,172.250.216.55,3,43254334,11.16
2059,76.250.230.175,0,14277364,11.18
2060,108.52.10.224,1,49617402,219.16
2061,172.58.176.89,2,61129670,6.6
2062,12.30.116.78,4,82863927,27.27
2063,172.103.223.36,2,55341938,15.37
2064,69.125.227.61,0,66695003,32.17
2065,69.248.233.238,1,30329061,33.01
2066,99.145.204.38,3,07248817,6.48
2067,154.27.192.12,4,76230448,47.09
2068,199.101.192.105,3,93825711,24.2
2069,180.191.151.144,0,49020272,3
2070,99.75.53.174,1,12123344,44.75
2071,47.13.102.7,2,43416156,34.03
2072,74.175.248.239,4,06074380,106.89
2073,24.138.45.63,1,26313677,88.72
2074,24.113.12.57,0,97128385,9.52
2075,69.178.38.123,2,59346223,103.45
2076,184.58.171.215,3,89982038,163.94
2077,24.17.212.188,4,06861307,235.99
2078,192.161.195.225,3,27552769,59.33
2079,99.108.83.14,0,53488441,3.34
2080,162.196.205.44,1,59695421,74.71
2081,166.159.14.236,2,89989993,112.52
2082,3.84.162.126,4,13112280,329.95
2083,71.222.135.17,0,56730441,329.95
2084,45.41.227.56,1,36495403,65.13
2085,45.41.224.13,2,03028223,329.61
2086,52.128.197.102,3,87946917,36.67
2087,69.243.206.191,4,15491578,8.56
2088,172.93.207.250,0,29549031,21.61
2089,63.75.244.124,1,30896702,14.47
2090,208.195.30.227,2,09770239,34.34
2091,8.44.142.151,3,56550657,3.04
2092,96.60.211.236,4,42521066,329.71
2093,24.247.90.68,2,71685127,29.17
2094,73.252.51.44,0,76589550,5.21
2095,63.75.246.93,1,60427771,3.76
2096,170.81.55.89,3,54431866,21.02
2097,196.16.109.165,4,17465858,21.88
2098,45.42.190.37,0,37396276,8.1
2099,66.176.152.25,1,57832166,95.14
2100,72.89.46.104,2,65577903,38.82
2101,23.227.194.72,3,82833409,5.52
2102,69.221.153.254,4,41413061,7.84
2103,73.31.47.88,2,40041964,19.74
2104,63.75.240.15,0,22242113,36.45
2105,208.203.212.96,1,11563639,39.06
2106,99.22.215.34,3,16970763,197.26
2107,163.123.220.182,4,78365649,30.76
2108,52.128.197.240,4,45940113,63.82
2109,198.14.28.232,0,20805609,37.01
2110,63.75.251.46,1,01038394,37.95
2111,54.236.255.21,2,46712464,71.57
2112,104.251.223.249,3,80807488,38.81
2113,85.209.85.233,2,50805145,58.97
2114,45.41.227.4,0,53821598,106.08
2115,104.251.223.192,1,23666596,81.37
2116,208.203.212.20,3,11070709,37.27
2117,38.64.51.24,4,20634067,88.1
2118,185.33.85.112,3,75800132,48.9
2119,23.177.176.20,0,90363595,21.5
2120,193.148.59.174,1,35521837,81.93
2121,154.13.59.65,2,06075759,58.6
2122,34.204.37.102,4,12366305,28.63
2123,65.27.57.125,4,19275974,37.28
2124,97.80.23.22,0,82380186,30.1
2125,196.17.67.133,1,13673264,110.66
2126,185.33.85.230,2,99794119,38.2
2127,208.203.212.82,3,52583331,98.57
2128,34.228.142.223,1,95048025,19.83
2129,73.170.233.226,0,65093434,20.01
2130,67.241.48.69,2,99041784,15.54
2131,168.158.201.32,3,47340471,90.69
2132,45.41.224.42,4,82922864,19.86
2133,208.195.23.10,4,05711803,11.19
2134,66.41.40.149,0,42896944,322.56
2135,72.22.36.101,1,58080072,12.58
2136,24.147.107.158,2,92899786,63.7
2137,154.13.50.49,3,61644528,60.85
2138,208.203.212.253,1,59878280,109.31
2139,73.1.80.82,0,51560280,21.36
2140,154.127.53.155,2,62666862,117.92
2141,196.17.65.224,3,43136796,61.2
2142,73.167.80.158,4,86782943,107.01
2143,103.148.33.170,2,81730978,9.81
2144,71.136.184.192,0,63638406,90.69
2145,196.17.67.200,1,01599206,30.41
2146,107.175.179.79,3,50183478,28.35
2147,45.42.190.26,4,71931681,11.21
2148,208.203.212.105,0,90747451,22.37
2149,184.166.228.99,1,41123447,37.34
2150,104.251.81.89,2,38527306,25.43
2151,45.42.190.24,3,88753118,78.59
2152,104.37.175.91,4,53214868,11.16
2153,172.58.174.141,2,64259057,11.18
2154,45.42.190.25,0,15683883,219.16
2155,208.203.212.139,1,46720956,6.6
2156,5.181.234.77,3,53673839,27.27
2157,172.74.224.106,4,33058415,15.37
2158,50.114.84.166,4,30165736,32.17
2159,76.24.19.72,0,00159951,33.01
2160,54.208.194.242,1,89480449,6.48
2161,198.14.26.207,2,80690282,47.09
2162,68.104.89.218,3,25443323,24.2
2163,200.229.29.14,1,24901956,3
2164,200.229.26.228,0,75667554,44.75
2165,186.179.48.149,2,74017297,34.03
2166,200.229.24.48,3,84355334,106.89
2167,102.129.217.21,4,89124611,88.72
2168,23.146.144.109,3,90560049,9.52
2169,198.14.27.184,0,97807459,103.45
2170,73.68.9.152,1,71807281,163.94
2171,45.61.151.138,2,14273919,235.99
2172,98.163.203.110,4,03706656,59.33
2173,173.66.136.80,4,70320008,3.34
2174,5.181.234.84,0,21903924,74.71
2175,200.229.26.49,1,45320763,112.52
2176,96.241.38.191,3,63326995,329.95
2177,47.186.72.44,3,49781392,329.95
2178,75.176.49.226,3,24670664,65.13
2179,172.82.191.219,3,55122255,329.61
2180,216.173.101.195,3,18157691,36.67
2181,45.42.190.23,1,58938477,8.56
2182,45.42.190.13,3,38929060,21.61
2183,154.22.56.109,1,44875096,14.47
2184,45.144.113.29,3,34909008,34.34
2185,168.158.204.229,1,15317717,3.04
2186,184.97.37.127,3,07378603,329.71
2187,99.173.177.43,1,56925025,29.17
2188,12.198.49.235,3,78661938,5.21
2189,69.207.194.84,1,42233972,3.76
2190,72.228.60.74,3,65119957,21.02
2191,75.42.234.228,1,03775347,21.88
2192,99.167.111.190,3,51450822,8.1
2193,174.248.41.177,1,30098674,95.14
2194,74.192.239.217,3,00768430,38.82
2195,99.240.73.27,1,89070343,5.52
2196,99.163.28.195,3,85787233,7.84
2197,71.204.18.32,1,79865380,19.74
2198,163.123.220.198,3,51365159,36.45
2199,108.5.109.94,1,10438934,39.06
2200,98.38.138.196,3,58575702,197.26
2201,98.37.86.118,1,55369375,30.76
2202,45.41.227.7,3,12348501,63.82
2203,198.14.28.91,1,34057780,37.01
2204,204.16.224.50,3,80996575,37.95
2205,185.209.177.144,1,97070913,71.57
2206,99.247.133.202,3,71978072,38.81
2207,163.114.132.128,1,19486840,58.97
2208,68.2.248.98,2,63499739,106.08
2209,173.94.109.115,3,60941443,81.37
2210,45.144.113.30,2,03217167,37.27
2211,63.75.245.172,0,96405987,88.1
2212,47.39.17.220,1,78523617,48.9
2213,50.1.13.206,3,61108707,21.5
2214,200.229.29.70,4,33042164,81.93
2215,8.18.121.71,3,53437335,58.6
2216,63.75.245.192,0,33606378,28.63
2217,63.75.244.36,1,08641328,37.28
2218,63.75.245.239,2,66314960,30.1
2219,63.75.240.254,4,57156571,110.66
2220,54.193.246.116,2,83652287,38.2
2221,163.123.220.180,0,54944480,98.57
2222,170.244.94.79,1,22263293,19.83
2223,52.71.155.178,3,63561977,20.01
2224,54.175.74.27,4,39235771,15.54
